CustomerID,Age,Age_Scaled,Gender_Encoded,MS_Divorced,MS_Married,MS_Single,MS_Widowed,IncomeLevel_Ordinal,AG_18–29,AG_30–44,AG_45–59,AG_60–69
1,62,1.2296280895906782,0,0,0,1,0,0,0,0,0,1
2,65,1.4265471238495815,0,0,1,0,0,0,0,0,0,1
3,18,-1.6585177462065699,0,0,0,1,0,0,1,0,0,0
4,21,-1.4615987119476666,0,0,0,0,1,0,1,0,0,0
5,21,-1.4615987119476666,0,1,0,0,0,1,1,0,0,0
6,57,0.9014296991591727,1,1,0,0,0,1,0,0,1,0
7,27,-1.06776064342986,1,0,1,0,0,2,1,0,0,0
8,37,-0.41136386256684915,0,0,0,1,0,0,0,1,0,0
9,39,-0.280084506394247,0,1,0,0,0,2,0,1,0,0
10,68,1.6234661581084848,0,0,1,0,0,2,0,0,0,1
11,54,0.7045106649002695,0,1,0,0,0,1,0,0,1,0
12,41,-0.14880515022164478,1,0,1,0,0,0,0,1,0,0
13,24,-1.2646796776887634,1,1,0,0,0,0,1,0,0,0
14,42,-0.08316547213534368,0,0,0,0,1,1,0,1,0,0
15,42,-0.08316547213534368,0,1,0,0,0,1,0,1,0,0
16,30,-0.8708416091709568,1,0,0,1,0,1,0,1,0,0
17,19,-1.5928780681202688,0,0,1,0,0,0,1,0,0,0
18,56,0.8357900210728716,1,0,1,0,0,2,0,0,1,0
19,57,0.9014296991591727,1,1,0,0,0,2,0,0,1,0
20,41,-0.14880515022164478,0,0,0,1,0,0,0,1,0,0
21,64,1.3609074457632804,0,1,0,0,0,2,0,0,0,1
22,42,-0.08316547213534368,1,1,0,0,0,0,0,1,0,0
23,35,-0.5426432187394513,1,1,0,0,0,0,0,1,0,0
24,55,0.7701503429865705,0,0,0,0,1,1,0,0,1,0
25,43,-0.01752579404904259,1,0,1,0,0,0,0,1,0,0
26,31,-0.8052019310846557,0,0,0,1,0,1,0,1,0,0
27,26,-1.1334003215161612,0,0,0,0,1,1,1,0,0,0
28,27,-1.06776064342986,1,0,0,0,1,2,1,0,0,0
29,38,-0.34572418448054804,1,1,0,0,0,1,0,1,0,0
30,69,1.689105836194786,0,1,0,0,0,2,0,0,0,1
31,34,-0.6082828968257524,0,1,0,0,0,0,0,1,0,0
32,69,1.689105836194786,1,0,1,0,0,2,0,0,0,1
33,23,-1.3303193557750645,0,1,0,0,0,2,1,0,0,0
34,33,-0.6739225749120535,0,0,0,0,1,2,0,1,0,0
35,65,1.4265471238495815,0,0,1,0,0,0,0,0,0,1
36,18,-1.6585177462065699,1,0,0,0,1,0,1,0,0,0
37,36,-0.47700354065315026,1,0,1,0,0,1,0,1,0,0
38,53,0.6388709868139684,1,0,1,0,0,0,0,0,1,0
39,42,-0.08316547213534368,0,0,1,0,0,1,0,1,0,0
40,67,1.5578264800221837,1,0,0,0,1,0,0,0,0,1
41,69,1.689105836194786,1,0,1,0,0,2,0,0,0,1
42,47,0.24503291829616178,0,0,0,0,1,1,0,0,1,0
43,37,-0.41136386256684915,0,0,0,1,0,0,0,1,0,0
44,37,-0.41136386256684915,1,0,0,0,1,0,0,1,0,0
45,32,-0.7395622529983547,1,0,0,0,1,0,0,1,0,0
46,57,0.9014296991591727,1,0,1,0,0,2,0,0,1,0
47,50,0.4419519525550651,1,0,1,0,0,1,0,0,1,0
48,19,-1.5928780681202688,0,1,0,0,0,1,1,0,0,0
49,27,-1.06776064342986,1,0,0,1,0,1,1,0,0,0
50,50,0.4419519525550651,1,0,0,1,0,0,0,0,1,0
51,49,0.376312274468764,0,1,0,0,0,1,0,0,1,0
52,28,-1.002120965343559,0,0,0,0,1,1,1,0,0,0
53,41,-0.14880515022164478,1,0,0,0,1,0,0,1,0,0
54,53,0.6388709868139684,1,0,1,0,0,0,0,0,1,0
55,29,-0.9364812872572579,1,0,0,1,0,0,1,0,0,0
56,68,1.6234661581084848,1,0,1,0,0,0,0,0,0,1
57,46,0.1793932402098607,1,1,0,0,0,2,0,0,1,0
58,52,0.5732313087276673,0,0,0,1,0,2,0,0,1,0
59,18,-1.6585177462065699,0,0,1,0,0,1,1,0,0,0
60,18,-1.6585177462065699,1,0,0,1,0,2,1,0,0,0
61,54,0.7045106649002695,0,0,0,1,0,0,0,0,1,0
62,23,-1.3303193557750645,1,0,1,0,0,2,1,0,0,0
63,56,0.8357900210728716,0,0,1,0,0,0,0,0,1,0
64,58,0.9670693772454738,1,0,0,1,0,2,0,0,1,0
65,35,-0.5426432187394513,1,1,0,0,0,0,0,1,0,0
66,33,-0.6739225749120535,0,0,0,0,1,1,0,1,0,0
67,22,-1.3959590338613654,1,0,0,1,0,1,1,0,0,0
68,59,1.0327090553317748,1,1,0,0,0,2,0,0,1,0
69,60,1.098348733418076,1,0,0,1,0,0,0,0,0,1
70,49,0.376312274468764,1,0,1,0,0,1,0,0,1,0
71,19,-1.5928780681202688,1,1,0,0,0,0,1,0,0,0
72,19,-1.5928780681202688,1,1,0,0,0,2,1,0,0,0
73,57,0.9014296991591727,0,0,0,1,0,0,0,0,1,0
74,59,1.0327090553317748,0,0,0,0,1,0,0,0,1,0
75,53,0.6388709868139684,1,0,0,1,0,2,0,0,1,0
76,56,0.8357900210728716,1,0,0,0,1,1,0,0,1,0
77,29,-0.9364812872572579,0,1,0,0,0,2,1,0,0,0
78,64,1.3609074457632804,0,0,0,0,1,0,0,0,0,1
79,36,-0.47700354065315026,0,0,1,0,0,2,0,1,0,0
80,45,0.1137535621235596,0,0,0,0,1,2,0,0,1,0
81,18,-1.6585177462065699,1,0,0,0,1,0,1,0,0,0
82,32,-0.7395622529983547,1,1,0,0,0,2,0,1,0,0
83,53,0.6388709868139684,0,0,0,0,1,1,0,0,1,0
84,30,-0.8708416091709568,0,1,0,0,0,1,0,1,0,0
85,60,1.098348733418076,0,0,1,0,0,2,0,0,0,1
86,38,-0.34572418448054804,0,0,1,0,0,0,0,1,0,0
87,29,-0.9364812872572579,1,0,0,1,0,2,1,0,0,0
88,22,-1.3959590338613654,0,0,0,1,0,2,1,0,0,0
89,24,-1.2646796776887634,0,0,0,1,0,1,1,0,0,0
90,22,-1.3959590338613654,0,0,1,0,0,1,1,0,0,0
91,65,1.4265471238495815,1,0,0,0,1,0,0,0,0,1
92,21,-1.4615987119476666,1,1,0,0,0,0,1,0,0,0
93,30,-0.8708416091709568,1,0,1,0,0,0,0,1,0,0
94,54,0.7045106649002695,0,0,0,0,1,2,0,0,1,0
95,58,0.9670693772454738,1,0,0,1,0,2,0,0,1,0
96,32,-0.7395622529983547,1,1,0,0,0,2,0,1,0,0
97,33,-0.6739225749120535,0,0,0,1,0,2,0,1,0,0
98,38,-0.34572418448054804,1,1,0,0,0,0,0,1,0,0
99,53,0.6388709868139684,0,0,0,0,1,0,0,0,1,0
100,41,-0.14880515022164478,1,0,1,0,0,0,0,1,0,0
101,33,-0.6739225749120535,1,0,0,1,0,2,0,1,0,0
102,31,-0.8052019310846557,0,0,1,0,0,2,0,1,0,0
103,39,-0.280084506394247,0,0,0,0,1,0,0,1,0,0
104,66,1.4921868019358826,1,0,0,0,1,1,0,0,0,1
105,67,1.5578264800221837,1,0,0,0,1,0,0,0,0,1
106,23,-1.3303193557750645,0,0,1,0,0,2,1,0,0,0
107,59,1.0327090553317748,1,0,1,0,0,2,0,0,1,0
108,53,0.6388709868139684,0,1,0,0,0,0,0,0,1,0
109,18,-1.6585177462065699,0,0,1,0,0,1,1,0,0,0
110,49,0.376312274468764,0,0,1,0,0,1,0,0,1,0
111,23,-1.3303193557750645,1,0,0,0,1,2,1,0,0,0
112,48,0.31067259638246286,1,1,0,0,0,2,0,0,1,0
113,18,-1.6585177462065699,1,0,1,0,0,2,1,0,0,0
114,67,1.5578264800221837,1,0,1,0,0,0,0,0,0,1
115,68,1.6234661581084848,1,0,0,0,1,2,0,0,0,1
116,54,0.7045106649002695,0,0,1,0,0,2,0,0,1,0
117,52,0.5732313087276673,1,0,0,0,1,2,0,0,1,0
118,66,1.4921868019358826,0,1,0,0,0,1,0,0,0,1
119,47,0.24503291829616178,0,0,0,0,1,1,0,0,1,0
120,21,-1.4615987119476666,1,0,0,0,1,2,1,0,0,0
121,52,0.5732313087276673,0,1,0,0,0,1,0,0,1,0
122,60,1.098348733418076,1,0,0,1,0,1,0,0,0,1
123,31,-0.8052019310846557,0,0,0,0,1,1,0,1,0,0
124,66,1.4921868019358826,0,0,1,0,0,1,0,0,0,1
125,57,0.9014296991591727,0,0,0,0,1,0,0,0,1,0
126,39,-0.280084506394247,1,1,0,0,0,1,0,1,0,0
127,27,-1.06776064342986,1,0,1,0,0,1,1,0,0,0
128,18,-1.6585177462065699,1,1,0,0,0,1,1,0,0,0
129,28,-1.002120965343559,1,0,0,0,1,1,1,0,0,0
130,68,1.6234661581084848,0,1,0,0,0,0,0,0,0,1
131,61,1.163988411504377,1,1,0,0,0,0,0,0,0,1
132,41,-0.14880515022164478,1,0,0,1,0,2,0,1,0,0
133,20,-1.5272383900339677,0,0,0,0,1,1,1,0,0,0
134,52,0.5732313087276673,0,0,0,0,1,1,0,0,1,0
135,53,0.6388709868139684,1,0,0,0,1,2,0,0,1,0
136,48,0.31067259638246286,0,0,0,0,1,0,0,0,1,0
137,21,-1.4615987119476666,1,0,1,0,0,2,1,0,0,0
138,36,-0.47700354065315026,0,1,0,0,0,0,0,1,0,0
139,64,1.3609074457632804,1,0,0,0,1,2,0,0,0,1
140,53,0.6388709868139684,0,0,1,0,0,2,0,0,1,0
141,38,-0.34572418448054804,1,0,0,0,1,1,0,1,0,0
142,35,-0.5426432187394513,0,1,0,0,0,2,0,1,0,0
143,68,1.6234661581084848,1,0,0,0,1,0,0,0,0,1
144,45,0.1137535621235596,1,0,1,0,0,0,0,0,1,0
145,32,-0.7395622529983547,1,0,1,0,0,2,0,1,0,0
146,59,1.0327090553317748,1,1,0,0,0,0,0,0,1,0
147,19,-1.5928780681202688,1,0,0,0,1,2,1,0,0,0
148,54,0.7045106649002695,1,0,1,0,0,1,0,0,1,0
149,28,-1.002120965343559,0,0,0,1,0,1,1,0,0,0
150,40,-0.21444482830794587,1,0,0,0,1,1,0,1,0,0
151,61,1.163988411504377,0,0,0,1,0,1,0,0,0,1
152,58,0.9670693772454738,1,0,1,0,0,2,0,0,1,0
153,29,-0.9364812872572579,0,0,1,0,0,0,1,0,0,0
154,20,-1.5272383900339677,1,1,0,0,0,2,1,0,0,0
155,69,1.689105836194786,0,1,0,0,0,0,0,0,0,1
156,34,-0.6082828968257524,1,0,0,0,1,2,0,1,0,0
157,50,0.4419519525550651,0,0,1,0,0,0,0,0,1,0
158,18,-1.6585177462065699,1,0,1,0,0,0,1,0,0,0
159,56,0.8357900210728716,0,0,1,0,0,2,0,0,1,0
160,37,-0.41136386256684915,0,0,1,0,0,1,0,1,0,0
161,64,1.3609074457632804,0,0,0,1,0,2,0,0,0,1
162,60,1.098348733418076,1,0,1,0,0,1,0,0,0,1
163,69,1.689105836194786,0,1,0,0,0,2,0,0,0,1
164,58,0.9670693772454738,1,0,0,0,1,0,0,0,1,0
165,31,-0.8052019310846557,1,0,0,0,1,1,0,1,0,0
166,48,0.31067259638246286,1,0,0,0,1,0,0,0,1,0
167,42,-0.08316547213534368,1,0,0,1,0,0,0,1,0,0
168,20,-1.5272383900339677,0,0,1,0,0,0,1,0,0,0
169,21,-1.4615987119476666,1,0,0,0,1,2,1,0,0,0
170,48,0.31067259638246286,0,1,0,0,0,0,0,0,1,0
171,52,0.5732313087276673,1,0,0,1,0,2,0,0,1,0
172,61,1.163988411504377,0,0,1,0,0,1,0,0,0,1
173,31,-0.8052019310846557,1,0,1,0,0,0,0,1,0,0
174,66,1.4921868019358826,1,0,1,0,0,1,0,0,0,1
175,58,0.9670693772454738,0,0,1,0,0,1,0,0,1,0
176,26,-1.1334003215161612,1,0,0,1,0,2,1,0,0,0
177,37,-0.41136386256684915,1,1,0,0,0,1,0,1,0,0
178,49,0.376312274468764,1,0,1,0,0,2,0,0,1,0
179,26,-1.1334003215161612,1,0,0,1,0,2,1,0,0,0
180,44,0.048113884037258504,1,0,0,1,0,1,0,1,0,0
181,20,-1.5272383900339677,1,1,0,0,0,1,1,0,0,0
182,21,-1.4615987119476666,1,0,0,1,0,1,1,0,0,0
183,62,1.2296280895906782,1,0,0,1,0,2,0,0,0,1
184,32,-0.7395622529983547,0,0,0,0,1,2,0,1,0,0
185,50,0.4419519525550651,1,0,0,0,1,1,0,0,1,0
186,22,-1.3959590338613654,0,1,0,0,0,2,1,0,0,0
187,21,-1.4615987119476666,1,0,0,0,1,1,1,0,0,0
188,63,1.2952677676769793,0,0,0,1,0,2,0,0,0,1
189,29,-0.9364812872572579,0,0,0,1,0,2,1,0,0,0
190,40,-0.21444482830794587,0,1,0,0,0,0,0,1,0,0
191,31,-0.8052019310846557,1,0,0,1,0,0,0,1,0,0
192,63,1.2952677676769793,1,1,0,0,0,1,0,0,0,1
193,29,-0.9364812872572579,0,0,0,0,1,0,1,0,0,0
194,34,-0.6082828968257524,1,0,0,0,1,2,0,1,0,0
195,42,-0.08316547213534368,1,0,1,0,0,1,0,1,0,0
196,47,0.24503291829616178,0,0,0,0,1,0,0,0,1,0
197,39,-0.280084506394247,1,0,1,0,0,1,0,1,0,0
198,64,1.3609074457632804,0,0,1,0,0,1,0,0,0,1
199,43,-0.01752579404904259,0,0,1,0,0,2,0,1,0,0
200,34,-0.6082828968257524,1,0,0,1,0,0,0,1,0,0
201,37,-0.41136386256684915,0,0,1,0,0,2,0,1,0,0
202,51,0.5075916306413661,1,0,0,0,1,1,0,0,1,0
203,58,0.9670693772454738,1,1,0,0,0,1,0,0,1,0
204,50,0.4419519525550651,1,0,0,0,1,1,0,0,1,0
205,54,0.7045106649002695,1,1,0,0,0,0,0,0,1,0
206,24,-1.2646796776887634,0,0,0,0,1,2,1,0,0,0
207,39,-0.280084506394247,1,1,0,0,0,2,0,1,0,0
208,49,0.376312274468764,1,0,0,0,1,0,0,0,1,0
209,31,-0.8052019310846557,1,1,0,0,0,2,0,1,0,0
210,25,-1.1990399996024623,0,0,1,0,0,2,1,0,0,0
211,42,-0.08316547213534368,0,1,0,0,0,1,0,1,0,0
212,33,-0.6739225749120535,1,0,1,0,0,1,0,1,0,0
213,59,1.0327090553317748,1,0,0,0,1,1,0,0,1,0
214,36,-0.47700354065315026,1,1,0,0,0,0,0,1,0,0
215,58,0.9670693772454738,1,1,0,0,0,1,0,0,1,0
216,33,-0.6739225749120535,1,0,0,0,1,2,0,1,0,0
217,29,-0.9364812872572579,0,0,1,0,0,0,1,0,0,0
218,56,0.8357900210728716,1,0,1,0,0,2,0,0,1,0
219,65,1.4265471238495815,0,0,0,1,0,0,0,0,0,1
220,47,0.24503291829616178,0,0,0,1,0,2,0,0,1,0
221,19,-1.5928780681202688,1,0,0,1,0,0,1,0,0,0
222,49,0.376312274468764,0,1,0,0,0,2,0,0,1,0
223,62,1.2296280895906782,1,1,0,0,0,1,0,0,0,1
224,42,-0.08316547213534368,0,1,0,0,0,0,0,1,0,0
225,42,-0.08316547213534368,0,0,0,0,1,2,0,1,0,0
226,21,-1.4615987119476666,1,0,0,1,0,2,1,0,0,0
227,36,-0.47700354065315026,0,0,0,0,1,2,0,1,0,0
228,65,1.4265471238495815,1,0,0,1,0,2,0,0,0,1
229,21,-1.4615987119476666,1,0,0,1,0,1,1,0,0,0
230,60,1.098348733418076,1,1,0,0,0,1,0,0,0,1
231,30,-0.8708416091709568,1,0,1,0,0,0,0,1,0,0
232,56,0.8357900210728716,1,0,0,1,0,0,0,0,1,0
233,53,0.6388709868139684,1,0,1,0,0,2,0,0,1,0
234,40,-0.21444482830794587,0,0,0,0,1,0,0,1,0,0
235,23,-1.3303193557750645,0,1,0,0,0,2,1,0,0,0
236,41,-0.14880515022164478,1,0,0,1,0,0,0,1,0,0
237,61,1.163988411504377,0,1,0,0,0,0,0,0,0,1
238,50,0.4419519525550651,0,0,0,0,1,2,0,0,1,0
239,29,-0.9364812872572579,1,0,1,0,0,1,1,0,0,0
240,58,0.9670693772454738,0,1,0,0,0,2,0,0,1,0
241,38,-0.34572418448054804,1,1,0,0,0,1,0,1,0,0
242,28,-1.002120965343559,1,0,0,1,0,0,1,0,0,0
243,61,1.163988411504377,0,0,1,0,0,1,0,0,0,1
244,55,0.7701503429865705,1,0,0,0,1,2,0,0,1,0
245,46,0.1793932402098607,1,0,0,1,0,0,0,0,1,0
246,65,1.4265471238495815,1,1,0,0,0,1,0,0,0,1
247,58,0.9670693772454738,1,1,0,0,0,1,0,0,1,0
248,20,-1.5272383900339677,0,0,1,0,0,2,1,0,0,0
249,45,0.1137535621235596,1,0,0,0,1,0,0,0,1,0
250,37,-0.41136386256684915,0,0,0,0,1,0,0,1,0,0
251,43,-0.01752579404904259,1,1,0,0,0,1,0,1,0,0
252,41,-0.14880515022164478,0,0,0,0,1,1,0,1,0,0
253,69,1.689105836194786,0,0,0,1,0,1,0,0,0,1
254,64,1.3609074457632804,1,0,1,0,0,0,0,0,0,1
255,38,-0.34572418448054804,0,1,0,0,0,1,0,1,0,0
256,47,0.24503291829616178,1,0,0,0,1,1,0,0,1,0
257,21,-1.4615987119476666,1,0,0,0,1,0,1,0,0,0
258,53,0.6388709868139684,0,0,0,1,0,0,0,0,1,0
259,57,0.9014296991591727,0,0,0,0,1,2,0,0,1,0
260,27,-1.06776064342986,0,0,0,1,0,0,1,0,0,0
261,27,-1.06776064342986,0,0,1,0,0,0,1,0,0,0
262,59,1.0327090553317748,1,1,0,0,0,2,0,0,1,0
263,41,-0.14880515022164478,0,0,0,1,0,0,0,1,0,0
264,21,-1.4615987119476666,1,0,0,0,1,2,1,0,0,0
265,64,1.3609074457632804,0,0,0,0,1,0,0,0,0,1
266,44,0.048113884037258504,0,0,1,0,0,2,0,1,0,0
267,68,1.6234661581084848,1,0,0,1,0,1,0,0,0,1
268,62,1.2296280895906782,0,1,0,0,0,1,0,0,0,1
269,21,-1.4615987119476666,1,0,0,0,1,1,1,0,0,0
270,49,0.376312274468764,0,0,0,1,0,2,0,0,1,0
271,27,-1.06776064342986,0,0,0,0,1,1,1,0,0,0
272,28,-1.002120965343559,1,1,0,0,0,0,1,0,0,0
273,45,0.1137535621235596,1,0,0,1,0,2,0,0,1,0
274,63,1.2952677676769793,1,0,0,0,1,0,0,0,0,1
275,25,-1.1990399996024623,1,1,0,0,0,0,1,0,0,0
276,57,0.9014296991591727,1,0,0,1,0,0,0,0,1,0
277,39,-0.280084506394247,1,0,0,1,0,2,0,1,0,0
278,51,0.5075916306413661,1,0,1,0,0,0,0,0,1,0
279,62,1.2296280895906782,0,1,0,0,0,1,0,0,0,1
280,52,0.5732313087276673,1,0,0,1,0,2,0,0,1,0
281,52,0.5732313087276673,0,0,1,0,0,1,0,0,1,0
282,42,-0.08316547213534368,0,0,0,1,0,2,0,1,0,0
283,51,0.5075916306413661,1,0,0,0,1,0,0,0,1,0
284,23,-1.3303193557750645,0,0,1,0,0,1,1,0,0,0
285,58,0.9670693772454738,0,0,0,1,0,2,0,0,1,0
286,54,0.7045106649002695,1,0,0,0,1,0,0,0,1,0
287,18,-1.6585177462065699,0,0,0,0,1,0,1,0,0,0
288,29,-0.9364812872572579,1,0,0,0,1,2,1,0,0,0
289,52,0.5732313087276673,0,0,1,0,0,2,0,0,1,0
290,23,-1.3303193557750645,0,0,0,0,1,2,1,0,0,0
291,34,-0.6082828968257524,1,1,0,0,0,2,0,1,0,0
292,26,-1.1334003215161612,0,0,0,1,0,1,1,0,0,0
293,19,-1.5928780681202688,0,1,0,0,0,2,1,0,0,0
294,35,-0.5426432187394513,1,0,0,0,1,0,0,1,0,0
295,66,1.4921868019358826,1,0,0,0,1,1,0,0,0,1
296,53,0.6388709868139684,0,1,0,0,0,0,0,0,1,0
297,45,0.1137535621235596,0,0,1,0,0,0,0,0,1,0
298,58,0.9670693772454738,1,0,0,0,1,2,0,0,1,0
299,54,0.7045106649002695,0,0,0,0,1,1,0,0,1,0
300,66,1.4921868019358826,1,1,0,0,0,2,0,0,0,1
301,43,-0.01752579404904259,1,0,0,0,1,0,0,1,0,0
302,21,-1.4615987119476666,0,0,0,0,1,2,1,0,0,0
303,57,0.9014296991591727,1,0,1,0,0,2,0,0,1,0
304,53,0.6388709868139684,1,0,1,0,0,2,0,0,1,0
305,68,1.6234661581084848,0,0,1,0,0,2,0,0,0,1
306,48,0.31067259638246286,1,0,1,0,0,2,0,0,1,0
307,47,0.24503291829616178,0,0,1,0,0,2,0,0,1,0
308,67,1.5578264800221837,0,0,0,0,1,1,0,0,0,1
309,51,0.5075916306413661,0,0,0,1,0,2,0,0,1,0
310,36,-0.47700354065315026,1,0,0,0,1,1,0,1,0,0
311,35,-0.5426432187394513,0,0,0,0,1,2,0,1,0,0
312,47,0.24503291829616178,0,0,0,1,0,1,0,0,1,0
313,38,-0.34572418448054804,0,1,0,0,0,0,0,1,0,0
314,20,-1.5272383900339677,0,0,0,1,0,1,1,0,0,0
315,23,-1.3303193557750645,1,0,1,0,0,1,1,0,0,0
316,55,0.7701503429865705,1,0,0,0,1,0,0,0,1,0
317,30,-0.8708416091709568,0,0,1,0,0,2,0,1,0,0
318,62,1.2296280895906782,1,0,0,1,0,2,0,0,0,1
319,20,-1.5272383900339677,1,1,0,0,0,1,1,0,0,0
320,65,1.4265471238495815,1,1,0,0,0,2,0,0,0,1
321,45,0.1137535621235596,0,0,0,0,1,2,0,0,1,0
322,39,-0.280084506394247,1,0,0,1,0,0,0,1,0,0
323,57,0.9014296991591727,1,0,1,0,0,2,0,0,1,0
324,57,0.9014296991591727,1,0,1,0,0,2,0,0,1,0
325,29,-0.9364812872572579,1,1,0,0,0,1,1,0,0,0
326,40,-0.21444482830794587,1,0,0,0,1,2,0,1,0,0
327,48,0.31067259638246286,0,0,0,1,0,2,0,0,1,0
328,35,-0.5426432187394513,1,0,1,0,0,1,0,1,0,0
329,24,-1.2646796776887634,1,1,0,0,0,1,1,0,0,0
330,25,-1.1990399996024623,0,0,0,0,1,1,1,0,0,0
331,36,-0.47700354065315026,0,1,0,0,0,2,0,1,0,0
332,46,0.1793932402098607,0,0,0,0,1,2,0,0,1,0
333,61,1.163988411504377,0,0,0,1,0,2,0,0,0,1
334,37,-0.41136386256684915,1,1,0,0,0,2,0,1,0,0
335,67,1.5578264800221837,1,0,1,0,0,2,0,0,0,1
336,59,1.0327090553317748,1,0,0,0,1,2,0,0,1,0
337,47,0.24503291829616178,1,1,0,0,0,1,0,0,1,0
338,64,1.3609074457632804,1,0,0,0,1,1,0,0,0,1
339,39,-0.280084506394247,0,1,0,0,0,2,0,1,0,0
340,27,-1.06776064342986,1,1,0,0,0,0,1,0,0,0
341,43,-0.01752579404904259,0,0,0,1,0,1,0,1,0,0
342,68,1.6234661581084848,0,0,1,0,0,2,0,0,0,1
343,50,0.4419519525550651,0,1,0,0,0,1,0,0,1,0
344,45,0.1137535621235596,1,0,0,1,0,0,0,0,1,0
345,27,-1.06776064342986,1,0,0,0,1,1,1,0,0,0
346,46,0.1793932402098607,0,0,0,0,1,1,0,0,1,0
347,61,1.163988411504377,0,1,0,0,0,1,0,0,0,1
348,35,-0.5426432187394513,0,0,1,0,0,1,0,1,0,0
349,59,1.0327090553317748,0,0,0,0,1,2,0,0,1,0
350,18,-1.6585177462065699,0,1,0,0,0,0,1,0,0,0
351,40,-0.21444482830794587,0,0,0,0,1,2,0,1,0,0
352,34,-0.6082828968257524,1,0,0,1,0,1,0,1,0,0
353,60,1.098348733418076,0,1,0,0,0,1,0,0,0,1
354,54,0.7045106649002695,0,1,0,0,0,1,0,0,1,0
355,48,0.31067259638246286,0,1,0,0,0,0,0,0,1,0
356,42,-0.08316547213534368,0,0,0,1,0,0,0,1,0,0
357,21,-1.4615987119476666,0,1,0,0,0,2,1,0,0,0
358,69,1.689105836194786,1,1,0,0,0,1,0,0,0,1
359,26,-1.1334003215161612,0,0,0,1,0,0,1,0,0,0
360,45,0.1137535621235596,1,0,0,0,1,1,0,0,1,0
361,47,0.24503291829616178,0,0,0,1,0,2,0,0,1,0
362,64,1.3609074457632804,0,0,1,0,0,2,0,0,0,1
363,41,-0.14880515022164478,1,0,0,1,0,0,0,1,0,0
364,50,0.4419519525550651,0,0,0,0,1,2,0,0,1,0
365,37,-0.41136386256684915,1,1,0,0,0,0,0,1,0,0
366,26,-1.1334003215161612,1,1,0,0,0,1,1,0,0,0
367,25,-1.1990399996024623,1,0,0,1,0,0,1,0,0,0
368,41,-0.14880515022164478,1,0,1,0,0,2,0,1,0,0
369,31,-0.8052019310846557,1,0,0,1,0,1,0,1,0,0
370,35,-0.5426432187394513,1,0,1,0,0,2,0,1,0,0
371,18,-1.6585177462065699,0,0,0,1,0,1,1,0,0,0
372,29,-0.9364812872572579,1,0,1,0,0,1,1,0,0,0
373,46,0.1793932402098607,0,0,1,0,0,1,0,0,1,0
374,54,0.7045106649002695,0,1,0,0,0,1,0,0,1,0
375,43,-0.01752579404904259,1,0,1,0,0,2,0,1,0,0
376,50,0.4419519525550651,1,1,0,0,0,0,0,0,1,0
377,60,1.098348733418076,1,0,0,1,0,1,0,0,0,1
378,32,-0.7395622529983547,0,0,0,1,0,2,0,1,0,0
379,40,-0.21444482830794587,1,0,0,1,0,2,0,1,0,0
380,46,0.1793932402098607,1,0,0,1,0,2,0,0,1,0
381,38,-0.34572418448054804,0,0,0,1,0,0,0,1,0,0
382,36,-0.47700354065315026,1,1,0,0,0,2,0,1,0,0
383,22,-1.3959590338613654,0,0,0,1,0,2,1,0,0,0
384,40,-0.21444482830794587,1,0,1,0,0,0,0,1,0,0
385,53,0.6388709868139684,0,0,0,0,1,2,0,0,1,0
386,37,-0.41136386256684915,1,1,0,0,0,2,0,1,0,0
387,25,-1.1990399996024623,0,0,1,0,0,0,1,0,0,0
388,26,-1.1334003215161612,1,0,0,0,1,0,1,0,0,0
389,31,-0.8052019310846557,1,0,0,0,1,0,0,1,0,0
390,23,-1.3303193557750645,0,1,0,0,0,1,1,0,0,0
391,18,-1.6585177462065699,1,0,1,0,0,0,1,0,0,0
392,26,-1.1334003215161612,1,0,0,0,1,1,1,0,0,0
393,33,-0.6739225749120535,0,0,0,0,1,1,0,1,0,0
394,33,-0.6739225749120535,0,1,0,0,0,0,0,1,0,0
395,29,-0.9364812872572579,1,0,0,1,0,1,1,0,0,0
396,22,-1.3959590338613654,0,0,0,0,1,2,1,0,0,0
397,57,0.9014296991591727,1,1,0,0,0,2,0,0,1,0
398,46,0.1793932402098607,1,1,0,0,0,0,0,0,1,0
399,63,1.2952677676769793,0,0,1,0,0,1,0,0,0,1
400,44,0.048113884037258504,0,1,0,0,0,2,0,1,0,0
401,28,-1.002120965343559,1,1,0,0,0,1,1,0,0,0
402,64,1.3609074457632804,0,0,0,1,0,1,0,0,0,1
403,67,1.5578264800221837,1,0,0,0,1,2,0,0,0,1
404,45,0.1137535621235596,0,0,1,0,0,0,0,0,1,0
405,69,1.689105836194786,1,1,0,0,0,1,0,0,0,1
406,53,0.6388709868139684,1,0,1,0,0,2,0,0,1,0
407,59,1.0327090553317748,1,0,0,0,1,0,0,0,1,0
408,36,-0.47700354065315026,1,1,0,0,0,1,0,1,0,0
409,52,0.5732313087276673,1,1,0,0,0,1,0,0,1,0
410,69,1.689105836194786,1,0,1,0,0,1,0,0,0,1
411,48,0.31067259638246286,1,0,0,1,0,1,0,0,1,0
412,61,1.163988411504377,0,0,0,0,1,0,0,0,0,1
413,36,-0.47700354065315026,0,0,0,0,1,1,0,1,0,0
414,63,1.2952677676769793,0,0,0,0,1,2,0,0,0,1
415,41,-0.14880515022164478,1,1,0,0,0,2,0,1,0,0
416,19,-1.5928780681202688,0,1,0,0,0,2,1,0,0,0
417,24,-1.2646796776887634,0,1,0,0,0,0,1,0,0,0
418,60,1.098348733418076,0,0,1,0,0,2,0,0,0,1
419,66,1.4921868019358826,0,0,0,0,1,1,0,0,0,1
420,48,0.31067259638246286,1,0,0,0,1,1,0,0,1,0
421,34,-0.6082828968257524,1,0,0,0,1,2,0,1,0,0
422,44,0.048113884037258504,0,0,0,1,0,0,0,1,0,0
423,53,0.6388709868139684,1,1,0,0,0,0,0,0,1,0
424,67,1.5578264800221837,1,0,0,0,1,1,0,0,0,1
425,60,1.098348733418076,1,0,0,0,1,1,0,0,0,1
426,27,-1.06776064342986,1,1,0,0,0,2,1,0,0,0
427,62,1.2296280895906782,1,1,0,0,0,0,0,0,0,1
428,31,-0.8052019310846557,0,0,0,0,1,2,0,1,0,0
429,24,-1.2646796776887634,1,0,1,0,0,1,1,0,0,0
430,56,0.8357900210728716,0,0,1,0,0,1,0,0,1,0
431,57,0.9014296991591727,1,0,1,0,0,2,0,0,1,0
432,26,-1.1334003215161612,0,0,1,0,0,0,1,0,0,0
433,31,-0.8052019310846557,0,0,0,1,0,1,0,1,0,0
434,25,-1.1990399996024623,1,0,1,0,0,1,1,0,0,0
435,34,-0.6082828968257524,0,0,0,0,1,0,0,1,0,0
436,40,-0.21444482830794587,1,0,0,0,1,1,0,1,0,0
437,33,-0.6739225749120535,0,0,0,0,1,0,0,1,0,0
438,43,-0.01752579404904259,0,0,1,0,0,0,0,1,0,0
439,26,-1.1334003215161612,1,1,0,0,0,1,1,0,0,0
440,53,0.6388709868139684,0,0,0,0,1,2,0,0,1,0
441,24,-1.2646796776887634,1,0,1,0,0,1,1,0,0,0
442,35,-0.5426432187394513,0,0,0,1,0,1,0,1,0,0
443,25,-1.1990399996024623,1,0,0,1,0,1,1,0,0,0
444,38,-0.34572418448054804,0,0,0,0,1,1,0,1,0,0
445,43,-0.01752579404904259,0,1,0,0,0,2,0,1,0,0
446,20,-1.5272383900339677,1,0,0,1,0,2,1,0,0,0
447,34,-0.6082828968257524,1,0,1,0,0,2,0,1,0,0
448,68,1.6234661581084848,0,0,1,0,0,0,0,0,0,1
449,63,1.2952677676769793,1,0,0,1,0,2,0,0,0,1
450,41,-0.14880515022164478,0,0,0,0,1,0,0,1,0,0
451,42,-0.08316547213534368,0,0,0,0,1,1,0,1,0,0
452,22,-1.3959590338613654,0,0,0,1,0,2,1,0,0,0
453,54,0.7045106649002695,1,0,1,0,0,2,0,0,1,0
454,62,1.2296280895906782,1,1,0,0,0,2,0,0,0,1
455,67,1.5578264800221837,1,0,1,0,0,2,0,0,0,1
456,41,-0.14880515022164478,0,1,0,0,0,2,0,1,0,0
457,48,0.31067259638246286,0,1,0,0,0,1,0,0,1,0
458,43,-0.01752579404904259,0,0,0,1,0,2,0,1,0,0
459,38,-0.34572418448054804,1,0,0,0,1,0,0,1,0,0
460,51,0.5075916306413661,0,1,0,0,0,0,0,0,1,0
461,55,0.7701503429865705,1,0,1,0,0,2,0,0,1,0
462,41,-0.14880515022164478,1,0,0,0,1,0,0,1,0,0
463,45,0.1137535621235596,1,0,0,0,1,2,0,0,1,0
464,47,0.24503291829616178,1,0,1,0,0,1,0,0,1,0
465,51,0.5075916306413661,1,0,0,1,0,0,0,0,1,0
466,69,1.689105836194786,0,0,0,0,1,2,0,0,0,1
467,69,1.689105836194786,0,1,0,0,0,0,0,0,0,1
468,40,-0.21444482830794587,0,0,1,0,0,2,0,1,0,0
469,25,-1.1990399996024623,0,1,0,0,0,0,1,0,0,0
470,59,1.0327090553317748,1,0,1,0,0,1,0,0,1,0
471,67,1.5578264800221837,1,0,1,0,0,0,0,0,0,1
472,27,-1.06776064342986,1,0,0,0,1,0,1,0,0,0
473,18,-1.6585177462065699,0,0,1,0,0,0,1,0,0,0
474,37,-0.41136386256684915,0,0,0,0,1,0,0,1,0,0
475,54,0.7045106649002695,1,0,1,0,0,2,0,0,1,0
476,35,-0.5426432187394513,0,0,0,0,1,1,0,1,0,0
477,38,-0.34572418448054804,0,0,0,0,1,1,0,1,0,0
478,66,1.4921868019358826,0,0,0,1,0,0,0,0,0,1
479,21,-1.4615987119476666,1,0,0,0,1,0,1,0,0,0
480,60,1.098348733418076,0,0,0,0,1,1,0,0,0,1
481,19,-1.5928780681202688,1,0,0,0,1,1,1,0,0,0
482,38,-0.34572418448054804,0,0,0,1,0,1,0,1,0,0
483,54,0.7045106649002695,1,1,0,0,0,1,0,0,1,0
484,22,-1.3959590338613654,0,1,0,0,0,0,1,0,0,0
485,34,-0.6082828968257524,0,0,0,1,0,1,0,1,0,0
486,66,1.4921868019358826,1,0,0,0,1,0,0,0,0,1
487,65,1.4265471238495815,1,0,0,0,1,0,0,0,0,1
488,28,-1.002120965343559,1,0,1,0,0,1,1,0,0,0
489,63,1.2952677676769793,0,1,0,0,0,2,0,0,0,1
490,58,0.9670693772454738,1,0,0,0,1,0,0,0,1,0
491,48,0.31067259638246286,0,0,0,0,1,1,0,0,1,0
492,45,0.1137535621235596,1,1,0,0,0,0,0,0,1,0
493,61,1.163988411504377,0,0,0,0,1,2,0,0,0,1
494,49,0.376312274468764,0,0,0,1,0,1,0,0,1,0
495,38,-0.34572418448054804,0,0,0,0,1,0,0,1,0,0
496,24,-1.2646796776887634,1,0,0,0,1,2,1,0,0,0
497,27,-1.06776064342986,0,1,0,0,0,2,1,0,0,0
498,45,0.1137535621235596,1,0,0,1,0,0,0,0,1,0
499,65,1.4265471238495815,0,0,1,0,0,1,0,0,0,1
500,53,0.6388709868139684,0,1,0,0,0,1,0,0,1,0
501,37,-0.41136386256684915,0,0,1,0,0,0,0,1,0,0
502,30,-0.8708416091709568,0,0,1,0,0,2,0,1,0,0
503,36,-0.47700354065315026,1,0,0,1,0,2,0,1,0,0
504,67,1.5578264800221837,0,0,1,0,0,2,0,0,0,1
505,28,-1.002120965343559,0,0,0,1,0,2,1,0,0,0
506,52,0.5732313087276673,1,0,0,0,1,0,0,0,1,0
507,51,0.5075916306413661,0,0,0,1,0,2,0,0,1,0
508,61,1.163988411504377,1,1,0,0,0,0,0,0,0,1
509,21,-1.4615987119476666,1,0,1,0,0,1,1,0,0,0
510,30,-0.8708416091709568,0,0,0,1,0,1,0,1,0,0
511,54,0.7045106649002695,0,1,0,0,0,2,0,0,1,0
512,19,-1.5928780681202688,1,0,0,1,0,2,1,0,0,0
513,67,1.5578264800221837,1,0,1,0,0,2,0,0,0,1
514,18,-1.6585177462065699,1,0,1,0,0,1,1,0,0,0
515,57,0.9014296991591727,1,1,0,0,0,0,0,0,1,0
516,42,-0.08316547213534368,1,1,0,0,0,0,0,1,0,0
517,54,0.7045106649002695,1,1,0,0,0,0,0,0,1,0
518,53,0.6388709868139684,1,1,0,0,0,2,0,0,1,0
519,23,-1.3303193557750645,1,1,0,0,0,0,1,0,0,0
520,24,-1.2646796776887634,0,0,1,0,0,2,1,0,0,0
521,21,-1.4615987119476666,1,0,0,0,1,1,1,0,0,0
522,52,0.5732313087276673,0,1,0,0,0,0,0,0,1,0
523,58,0.9670693772454738,0,0,0,0,1,2,0,0,1,0
524,51,0.5075916306413661,1,1,0,0,0,0,0,0,1,0
525,46,0.1793932402098607,1,1,0,0,0,1,0,0,1,0
526,22,-1.3959590338613654,0,1,0,0,0,0,1,0,0,0
527,44,0.048113884037258504,0,0,1,0,0,0,0,1,0,0
528,50,0.4419519525550651,1,0,0,0,1,1,0,0,1,0
529,63,1.2952677676769793,1,0,1,0,0,2,0,0,0,1
530,69,1.689105836194786,1,0,0,1,0,2,0,0,0,1
531,27,-1.06776064342986,1,1,0,0,0,2,1,0,0,0
532,23,-1.3303193557750645,0,1,0,0,0,0,1,0,0,0
533,51,0.5075916306413661,0,0,0,0,1,0,0,0,1,0
534,25,-1.1990399996024623,0,0,1,0,0,2,1,0,0,0
535,48,0.31067259638246286,0,0,1,0,0,2,0,0,1,0
536,26,-1.1334003215161612,0,0,1,0,0,0,1,0,0,0
537,38,-0.34572418448054804,0,1,0,0,0,2,0,1,0,0
538,25,-1.1990399996024623,0,0,0,0,1,2,1,0,0,0
539,21,-1.4615987119476666,1,0,0,1,0,0,1,0,0,0
540,39,-0.280084506394247,1,0,0,1,0,1,0,1,0,0
541,45,0.1137535621235596,1,0,1,0,0,0,0,0,1,0
542,62,1.2296280895906782,1,0,0,0,1,2,0,0,0,1
543,21,-1.4615987119476666,0,0,1,0,0,2,1,0,0,0
544,56,0.8357900210728716,0,0,1,0,0,1,0,0,1,0
545,38,-0.34572418448054804,1,0,1,0,0,1,0,1,0,0
546,25,-1.1990399996024623,0,0,0,1,0,0,1,0,0,0
547,37,-0.41136386256684915,0,0,0,1,0,1,0,1,0,0
548,49,0.376312274468764,0,0,1,0,0,2,0,0,1,0
549,18,-1.6585177462065699,0,0,0,0,1,2,1,0,0,0
550,23,-1.3303193557750645,1,0,0,1,0,2,1,0,0,0
551,45,0.1137535621235596,1,0,1,0,0,2,0,0,1,0
552,61,1.163988411504377,1,0,0,1,0,1,0,0,0,1
553,48,0.31067259638246286,1,1,0,0,0,2,0,0,1,0
554,27,-1.06776064342986,0,1,0,0,0,2,1,0,0,0
555,37,-0.41136386256684915,1,0,0,1,0,2,0,1,0,0
556,25,-1.1990399996024623,0,0,1,0,0,0,1,0,0,0
557,39,-0.280084506394247,1,0,0,1,0,0,0,1,0,0
558,55,0.7701503429865705,0,0,0,0,1,2,0,0,1,0
559,46,0.1793932402098607,1,0,1,0,0,1,0,0,1,0
560,26,-1.1334003215161612,0,0,1,0,0,1,1,0,0,0
561,61,1.163988411504377,0,0,1,0,0,0,0,0,0,1
562,64,1.3609074457632804,0,0,1,0,0,0,0,0,0,1
563,18,-1.6585177462065699,0,0,0,0,1,1,1,0,0,0
564,58,0.9670693772454738,0,0,0,1,0,0,0,0,1,0
565,69,1.689105836194786,0,0,0,1,0,0,0,0,0,1
566,56,0.8357900210728716,0,1,0,0,0,2,0,0,1,0
567,43,-0.01752579404904259,0,0,1,0,0,1,0,1,0,0
568,28,-1.002120965343559,0,1,0,0,0,2,1,0,0,0
569,69,1.689105836194786,1,0,0,0,1,0,0,0,0,1
570,52,0.5732313087276673,1,0,0,1,0,0,0,0,1,0
571,41,-0.14880515022164478,1,0,0,1,0,0,0,1,0,0
572,50,0.4419519525550651,1,0,1,0,0,0,0,0,1,0
573,37,-0.41136386256684915,1,0,0,1,0,1,0,1,0,0
574,44,0.048113884037258504,0,0,0,0,1,1,0,1,0,0
575,32,-0.7395622529983547,1,0,0,0,1,1,0,1,0,0
576,50,0.4419519525550651,1,0,1,0,0,1,0,0,1,0
577,69,1.689105836194786,0,1,0,0,0,2,0,0,0,1
578,24,-1.2646796776887634,1,0,1,0,0,2,1,0,0,0
579,51,0.5075916306413661,1,0,0,0,1,2,0,0,1,0
580,62,1.2296280895906782,0,0,0,1,0,0,0,0,0,1
581,68,1.6234661581084848,1,0,0,1,0,1,0,0,0,1
582,63,1.2952677676769793,1,0,0,1,0,1,0,0,0,1
583,59,1.0327090553317748,0,0,0,0,1,1,0,0,1,0
584,22,-1.3959590338613654,0,1,0,0,0,2,1,0,0,0
585,47,0.24503291829616178,0,0,1,0,0,0,0,0,1,0
586,45,0.1137535621235596,0,1,0,0,0,0,0,0,1,0
587,35,-0.5426432187394513,1,0,0,1,0,0,0,1,0,0
588,53,0.6388709868139684,1,0,1,0,0,2,0,0,1,0
589,20,-1.5272383900339677,1,0,0,0,1,1,1,0,0,0
590,38,-0.34572418448054804,0,0,0,0,1,2,0,1,0,0
591,63,1.2952677676769793,1,1,0,0,0,1,0,0,0,1
592,33,-0.6739225749120535,0,0,1,0,0,0,0,1,0,0
593,54,0.7045106649002695,1,0,0,1,0,1,0,0,1,0
594,59,1.0327090553317748,0,1,0,0,0,0,0,0,1,0
595,22,-1.3959590338613654,1,0,0,0,1,0,1,0,0,0
596,67,1.5578264800221837,1,0,1,0,0,0,0,0,0,1
597,68,1.6234661581084848,0,0,1,0,0,1,0,0,0,1
598,31,-0.8052019310846557,0,0,0,0,1,2,0,1,0,0
599,48,0.31067259638246286,0,0,0,1,0,0,0,0,1,0
600,63,1.2952677676769793,1,0,0,1,0,1,0,0,0,1
601,41,-0.14880515022164478,1,0,0,0,1,0,0,1,0,0
602,52,0.5732313087276673,0,0,0,0,1,1,0,0,1,0
603,53,0.6388709868139684,0,0,0,1,0,2,0,0,1,0
604,27,-1.06776064342986,0,1,0,0,0,0,1,0,0,0
605,44,0.048113884037258504,0,1,0,0,0,0,0,1,0,0
606,44,0.048113884037258504,1,0,1,0,0,0,0,1,0,0
607,40,-0.21444482830794587,0,0,1,0,0,2,0,1,0,0
608,30,-0.8708416091709568,0,1,0,0,0,1,0,1,0,0
609,33,-0.6739225749120535,1,0,1,0,0,0,0,1,0,0
610,52,0.5732313087276673,1,1,0,0,0,0,0,0,1,0
611,44,0.048113884037258504,0,0,1,0,0,2,0,1,0,0
612,69,1.689105836194786,1,1,0,0,0,1,0,0,0,1
613,56,0.8357900210728716,0,0,1,0,0,2,0,0,1,0
614,64,1.3609074457632804,1,0,1,0,0,2,0,0,0,1
615,34,-0.6082828968257524,1,1,0,0,0,0,0,1,0,0
616,65,1.4265471238495815,0,0,0,1,0,1,0,0,0,1
617,58,0.9670693772454738,1,1,0,0,0,0,0,0,1,0
618,18,-1.6585177462065699,0,1,0,0,0,0,1,0,0,0
619,28,-1.002120965343559,0,0,0,0,1,2,1,0,0,0
620,29,-0.9364812872572579,1,0,0,1,0,2,1,0,0,0
621,31,-0.8052019310846557,1,0,1,0,0,0,0,1,0,0
622,25,-1.1990399996024623,0,0,0,1,0,2,1,0,0,0
623,48,0.31067259638246286,1,0,0,1,0,2,0,0,1,0
624,24,-1.2646796776887634,1,0,0,1,0,1,1,0,0,0
625,63,1.2952677676769793,1,0,0,0,1,0,0,0,0,1
626,48,0.31067259638246286,0,0,0,0,1,0,0,0,1,0
627,33,-0.6739225749120535,1,0,1,0,0,1,0,1,0,0
628,59,1.0327090553317748,1,1,0,0,0,2,0,0,1,0
629,56,0.8357900210728716,0,0,0,1,0,1,0,0,1,0
630,61,1.163988411504377,1,0,1,0,0,1,0,0,0,1
631,36,-0.47700354065315026,0,0,1,0,0,1,0,1,0,0
632,25,-1.1990399996024623,0,0,0,0,1,2,1,0,0,0
633,46,0.1793932402098607,0,1,0,0,0,1,0,0,1,0
634,19,-1.5928780681202688,0,1,0,0,0,0,1,0,0,0
635,59,1.0327090553317748,1,0,0,0,1,2,0,0,1,0
636,20,-1.5272383900339677,0,0,0,1,0,1,1,0,0,0
637,68,1.6234661581084848,0,0,0,0,1,1,0,0,0,1
638,46,0.1793932402098607,0,0,1,0,0,1,0,0,1,0
639,32,-0.7395622529983547,1,0,0,0,1,1,0,1,0,0
640,55,0.7701503429865705,0,1,0,0,0,1,0,0,1,0
641,45,0.1137535621235596,0,0,0,1,0,1,0,0,1,0
642,54,0.7045106649002695,0,0,1,0,0,0,0,0,1,0
643,49,0.376312274468764,0,0,1,0,0,2,0,0,1,0
644,47,0.24503291829616178,0,1,0,0,0,0,0,0,1,0
645,68,1.6234661581084848,0,0,0,0,1,1,0,0,0,1
646,64,1.3609074457632804,0,0,1,0,0,1,0,0,0,1
647,47,0.24503291829616178,0,0,0,0,1,1,0,0,1,0
648,68,1.6234661581084848,0,0,1,0,0,0,0,0,0,1
649,51,0.5075916306413661,0,1,0,0,0,1,0,0,1,0
650,30,-0.8708416091709568,0,0,1,0,0,0,0,1,0,0
651,50,0.4419519525550651,0,0,1,0,0,2,0,0,1,0
652,59,1.0327090553317748,1,0,0,1,0,0,0,0,1,0
653,34,-0.6082828968257524,1,0,1,0,0,0,0,1,0,0
654,20,-1.5272383900339677,0,1,0,0,0,2,1,0,0,0
655,26,-1.1334003215161612,1,0,1,0,0,1,1,0,0,0
656,69,1.689105836194786,1,1,0,0,0,0,0,0,0,1
657,28,-1.002120965343559,1,0,0,0,1,2,1,0,0,0
658,66,1.4921868019358826,0,1,0,0,0,0,0,0,0,1
659,44,0.048113884037258504,1,0,0,0,1,0,0,1,0,0
660,45,0.1137535621235596,1,0,1,0,0,2,0,0,1,0
661,19,-1.5928780681202688,0,1,0,0,0,0,1,0,0,0
662,18,-1.6585177462065699,1,0,0,1,0,2,1,0,0,0
663,23,-1.3303193557750645,1,1,0,0,0,0,1,0,0,0
664,42,-0.08316547213534368,1,0,0,0,1,1,0,1,0,0
665,52,0.5732313087276673,1,0,0,0,1,2,0,0,1,0
666,33,-0.6739225749120535,0,0,0,1,0,1,0,1,0,0
667,21,-1.4615987119476666,1,1,0,0,0,0,1,0,0,0
668,64,1.3609074457632804,0,0,1,0,0,1,0,0,0,1
669,55,0.7701503429865705,1,1,0,0,0,2,0,0,1,0
670,61,1.163988411504377,1,1,0,0,0,0,0,0,0,1
671,37,-0.41136386256684915,1,1,0,0,0,2,0,1,0,0
672,42,-0.08316547213534368,1,0,0,1,0,0,0,1,0,0
673,24,-1.2646796776887634,1,0,0,1,0,1,1,0,0,0
674,38,-0.34572418448054804,0,0,0,1,0,1,0,1,0,0
675,24,-1.2646796776887634,0,0,0,1,0,2,1,0,0,0
676,46,0.1793932402098607,0,0,0,1,0,2,0,0,1,0
677,69,1.689105836194786,1,0,1,0,0,0,0,0,0,1
678,24,-1.2646796776887634,0,1,0,0,0,2,1,0,0,0
679,20,-1.5272383900339677,1,1,0,0,0,2,1,0,0,0
680,46,0.1793932402098607,0,0,1,0,0,1,0,0,1,0
681,46,0.1793932402098607,0,0,1,0,0,2,0,0,1,0
682,56,0.8357900210728716,0,0,1,0,0,2,0,0,1,0
683,55,0.7701503429865705,1,0,1,0,0,0,0,0,1,0
684,23,-1.3303193557750645,0,0,0,1,0,1,1,0,0,0
685,63,1.2952677676769793,1,1,0,0,0,1,0,0,0,1
686,27,-1.06776064342986,0,0,1,0,0,0,1,0,0,0
687,54,0.7045106649002695,1,0,0,0,1,1,0,0,1,0
688,31,-0.8052019310846557,1,0,1,0,0,0,0,1,0,0
689,39,-0.280084506394247,1,1,0,0,0,0,0,1,0,0
690,49,0.376312274468764,1,0,0,0,1,2,0,0,1,0
691,35,-0.5426432187394513,1,0,1,0,0,2,0,1,0,0
692,53,0.6388709868139684,1,0,0,1,0,0,0,0,1,0
693,63,1.2952677676769793,1,0,0,1,0,2,0,0,0,1
694,69,1.689105836194786,1,0,0,0,1,2,0,0,0,1
695,26,-1.1334003215161612,1,0,0,1,0,1,1,0,0,0
696,43,-0.01752579404904259,1,0,0,0,1,1,0,1,0,0
697,39,-0.280084506394247,0,0,1,0,0,2,0,1,0,0
698,63,1.2952677676769793,1,1,0,0,0,0,0,0,0,1
699,55,0.7701503429865705,0,0,0,0,1,0,0,0,1,0
700,40,-0.21444482830794587,0,0,1,0,0,2,0,1,0,0
701,34,-0.6082828968257524,1,0,0,0,1,2,0,1,0,0
702,43,-0.01752579404904259,0,1,0,0,0,0,0,1,0,0
703,64,1.3609074457632804,1,0,0,1,0,1,0,0,0,1
704,55,0.7701503429865705,1,0,0,1,0,1,0,0,1,0
705,19,-1.5928780681202688,0,0,0,0,1,0,1,0,0,0
706,23,-1.3303193557750645,1,1,0,0,0,2,1,0,0,0
707,24,-1.2646796776887634,0,0,1,0,0,1,1,0,0,0
708,30,-0.8708416091709568,0,0,1,0,0,0,0,1,0,0
709,44,0.048113884037258504,0,0,1,0,0,2,0,1,0,0
710,28,-1.002120965343559,0,0,0,0,1,2,1,0,0,0
711,32,-0.7395622529983547,1,0,0,1,0,1,0,1,0,0
712,26,-1.1334003215161612,1,0,0,0,1,2,1,0,0,0
713,25,-1.1990399996024623,1,0,0,0,1,0,1,0,0,0
714,63,1.2952677676769793,0,0,0,0,1,0,0,0,0,1
715,23,-1.3303193557750645,1,0,1,0,0,0,1,0,0,0
716,65,1.4265471238495815,0,1,0,0,0,0,0,0,0,1
717,60,1.098348733418076,0,0,0,0,1,2,0,0,0,1
718,21,-1.4615987119476666,0,0,1,0,0,0,1,0,0,0
719,28,-1.002120965343559,0,0,0,0,1,1,1,0,0,0
720,68,1.6234661581084848,0,0,0,0,1,2,0,0,0,1
721,45,0.1137535621235596,0,0,1,0,0,2,0,0,1,0
722,43,-0.01752579404904259,1,1,0,0,0,2,0,1,0,0
723,21,-1.4615987119476666,1,1,0,0,0,0,1,0,0,0
724,32,-0.7395622529983547,1,0,0,1,0,2,0,1,0,0
725,36,-0.47700354065315026,0,0,0,0,1,0,0,1,0,0
726,23,-1.3303193557750645,0,0,0,1,0,0,1,0,0,0
727,22,-1.3959590338613654,1,0,1,0,0,2,1,0,0,0
728,35,-0.5426432187394513,1,0,0,0,1,2,0,1,0,0
729,23,-1.3303193557750645,1,0,1,0,0,0,1,0,0,0
730,48,0.31067259638246286,0,0,0,1,0,2,0,0,1,0
731,42,-0.08316547213534368,1,0,1,0,0,2,0,1,0,0
732,21,-1.4615987119476666,1,0,1,0,0,0,1,0,0,0
733,23,-1.3303193557750645,0,1,0,0,0,0,1,0,0,0
734,58,0.9670693772454738,0,0,0,0,1,2,0,0,1,0
735,54,0.7045106649002695,1,0,0,0,1,0,0,0,1,0
736,67,1.5578264800221837,1,0,0,0,1,0,0,0,0,1
737,42,-0.08316547213534368,0,0,1,0,0,1,0,1,0,0
738,51,0.5075916306413661,0,1,0,0,0,2,0,0,1,0
739,36,-0.47700354065315026,0,0,0,1,0,2,0,1,0,0
740,51,0.5075916306413661,0,0,0,0,1,2,0,0,1,0
741,32,-0.7395622529983547,1,0,1,0,0,2,0,1,0,0
742,67,1.5578264800221837,1,1,0,0,0,2,0,0,0,1
743,25,-1.1990399996024623,1,1,0,0,0,0,1,0,0,0
744,61,1.163988411504377,1,0,0,0,1,2,0,0,0,1
745,64,1.3609074457632804,1,1,0,0,0,2,0,0,0,1
746,66,1.4921868019358826,0,1,0,0,0,1,0,0,0,1
747,51,0.5075916306413661,0,0,1,0,0,0,0,0,1,0
748,35,-0.5426432187394513,1,0,0,1,0,2,0,1,0,0
749,47,0.24503291829616178,0,1,0,0,0,2,0,0,1,0
750,30,-0.8708416091709568,1,0,0,1,0,2,0,1,0,0
751,64,1.3609074457632804,1,1,0,0,0,2,0,0,0,1
752,50,0.4419519525550651,1,1,0,0,0,0,0,0,1,0
753,52,0.5732313087276673,1,1,0,0,0,1,0,0,1,0
754,69,1.689105836194786,0,0,0,0,1,1,0,0,0,1
755,41,-0.14880515022164478,1,0,0,0,1,2,0,1,0,0
756,43,-0.01752579404904259,1,0,0,0,1,1,0,1,0,0
757,64,1.3609074457632804,1,0,0,1,0,1,0,0,0,1
758,68,1.6234661581084848,0,0,0,1,0,1,0,0,0,1
759,61,1.163988411504377,1,0,0,0,1,1,0,0,0,1
760,59,1.0327090553317748,0,0,0,1,0,1,0,0,1,0
761,64,1.3609074457632804,0,0,1,0,0,0,0,0,0,1
762,18,-1.6585177462065699,1,0,0,1,0,0,1,0,0,0
763,30,-0.8708416091709568,0,0,1,0,0,0,0,1,0,0
764,27,-1.06776064342986,0,0,0,0,1,1,1,0,0,0
765,36,-0.47700354065315026,1,0,1,0,0,0,0,1,0,0
766,22,-1.3959590338613654,1,0,0,0,1,1,1,0,0,0
767,25,-1.1990399996024623,0,0,0,0,1,1,1,0,0,0
768,21,-1.4615987119476666,1,0,0,0,1,0,1,0,0,0
769,66,1.4921868019358826,0,0,0,1,0,2,0,0,0,1
770,30,-0.8708416091709568,1,1,0,0,0,1,0,1,0,0
771,55,0.7701503429865705,1,1,0,0,0,1,0,0,1,0
772,63,1.2952677676769793,1,0,1,0,0,0,0,0,0,1
773,66,1.4921868019358826,0,1,0,0,0,1,0,0,0,1
774,63,1.2952677676769793,0,0,0,0,1,1,0,0,0,1
775,36,-0.47700354065315026,0,1,0,0,0,1,0,1,0,0
776,69,1.689105836194786,1,0,1,0,0,0,0,0,0,1
777,67,1.5578264800221837,0,0,0,0,1,2,0,0,0,1
778,25,-1.1990399996024623,1,0,0,1,0,2,1,0,0,0
779,44,0.048113884037258504,1,0,0,0,1,0,0,1,0,0
780,67,1.5578264800221837,0,0,0,0,1,1,0,0,0,1
781,64,1.3609074457632804,1,0,1,0,0,2,0,0,0,1
782,47,0.24503291829616178,0,0,0,1,0,0,0,0,1,0
783,21,-1.4615987119476666,1,0,0,0,1,0,1,0,0,0
784,28,-1.002120965343559,0,0,0,1,0,1,1,0,0,0
785,38,-0.34572418448054804,1,0,0,0,1,1,0,1,0,0
786,60,1.098348733418076,1,0,0,0,1,0,0,0,0,1
787,19,-1.5928780681202688,0,0,1,0,0,0,1,0,0,0
788,38,-0.34572418448054804,0,0,0,0,1,0,0,1,0,0
789,34,-0.6082828968257524,1,0,0,0,1,2,0,1,0,0
790,60,1.098348733418076,0,0,0,0,1,1,0,0,0,1
791,68,1.6234661581084848,1,1,0,0,0,0,0,0,0,1
792,46,0.1793932402098607,1,0,0,1,0,1,0,0,1,0
793,44,0.048113884037258504,1,0,1,0,0,2,0,1,0,0
794,41,-0.14880515022164478,1,0,1,0,0,0,0,1,0,0
795,66,1.4921868019358826,1,0,1,0,0,1,0,0,0,1
796,20,-1.5272383900339677,0,0,0,0,1,2,1,0,0,0
797,56,0.8357900210728716,0,0,0,1,0,0,0,0,1,0
798,27,-1.06776064342986,0,1,0,0,0,1,1,0,0,0
799,20,-1.5272383900339677,1,1,0,0,0,0,1,0,0,0
800,62,1.2296280895906782,0,0,1,0,0,1,0,0,0,1
801,59,1.0327090553317748,0,0,0,1,0,1,0,0,1,0
802,43,-0.01752579404904259,0,1,0,0,0,2,0,1,0,0
803,54,0.7045106649002695,1,0,1,0,0,2,0,0,1,0
804,44,0.048113884037258504,0,1,0,0,0,2,0,1,0,0
805,22,-1.3959590338613654,0,1,0,0,0,2,1,0,0,0
806,59,1.0327090553317748,0,0,0,1,0,2,0,0,1,0
807,28,-1.002120965343559,1,0,1,0,0,1,1,0,0,0
808,30,-0.8708416091709568,0,1,0,0,0,2,0,1,0,0
809,58,0.9670693772454738,1,0,0,0,1,1,0,0,1,0
810,51,0.5075916306413661,1,0,0,0,1,1,0,0,1,0
811,55,0.7701503429865705,0,1,0,0,0,0,0,0,1,0
812,57,0.9014296991591727,1,0,0,1,0,1,0,0,1,0
813,50,0.4419519525550651,0,0,0,1,0,1,0,0,1,0
814,51,0.5075916306413661,1,1,0,0,0,2,0,0,1,0
815,44,0.048113884037258504,0,0,0,1,0,1,0,1,0,0
816,53,0.6388709868139684,0,0,0,1,0,2,0,0,1,0
817,43,-0.01752579404904259,1,0,0,0,1,1,0,1,0,0
818,68,1.6234661581084848,0,0,1,0,0,1,0,0,0,1
819,42,-0.08316547213534368,1,0,1,0,0,2,0,1,0,0
820,36,-0.47700354065315026,0,1,0,0,0,0,0,1,0,0
821,38,-0.34572418448054804,1,1,0,0,0,1,0,1,0,0
822,48,0.31067259638246286,1,1,0,0,0,1,0,0,1,0
823,46,0.1793932402098607,1,0,0,0,1,2,0,0,1,0
824,26,-1.1334003215161612,1,0,0,0,1,2,1,0,0,0
825,36,-0.47700354065315026,1,0,0,1,0,0,0,1,0,0
826,43,-0.01752579404904259,0,0,0,0,1,0,0,1,0,0
827,42,-0.08316547213534368,0,0,1,0,0,0,0,1,0,0
828,57,0.9014296991591727,1,0,0,0,1,1,0,0,1,0
829,60,1.098348733418076,0,1,0,0,0,1,0,0,0,1
830,46,0.1793932402098607,0,0,1,0,0,2,0,0,1,0
831,42,-0.08316547213534368,1,0,0,1,0,2,0,1,0,0
832,36,-0.47700354065315026,1,0,1,0,0,2,0,1,0,0
833,21,-1.4615987119476666,1,0,0,0,1,0,1,0,0,0
834,62,1.2296280895906782,1,0,0,0,1,0,0,0,0,1
835,37,-0.41136386256684915,0,0,0,1,0,0,0,1,0,0
836,63,1.2952677676769793,0,1,0,0,0,1,0,0,0,1
837,18,-1.6585177462065699,1,0,0,1,0,1,1,0,0,0
838,28,-1.002120965343559,0,0,0,1,0,2,1,0,0,0
839,21,-1.4615987119476666,0,0,0,1,0,0,1,0,0,0
840,24,-1.2646796776887634,1,0,0,1,0,1,1,0,0,0
841,45,0.1137535621235596,0,0,0,0,1,0,0,0,1,0
842,53,0.6388709868139684,0,1,0,0,0,1,0,0,1,0
843,24,-1.2646796776887634,1,0,1,0,0,0,1,0,0,0
844,37,-0.41136386256684915,0,1,0,0,0,1,0,1,0,0
845,52,0.5732313087276673,0,1,0,0,0,1,0,0,1,0
846,68,1.6234661581084848,0,0,0,1,0,1,0,0,0,1
847,68,1.6234661581084848,1,1,0,0,0,1,0,0,0,1
848,56,0.8357900210728716,1,0,0,1,0,2,0,0,1,0
849,38,-0.34572418448054804,0,0,1,0,0,0,0,1,0,0
850,61,1.163988411504377,1,0,0,1,0,1,0,0,0,1
851,18,-1.6585177462065699,0,0,1,0,0,1,1,0,0,0
852,54,0.7045106649002695,1,1,0,0,0,0,0,0,1,0
853,63,1.2952677676769793,0,0,0,1,0,1,0,0,0,1
854,59,1.0327090553317748,1,0,0,0,1,1,0,0,1,0
855,20,-1.5272383900339677,0,0,1,0,0,0,1,0,0,0
856,51,0.5075916306413661,0,1,0,0,0,2,0,0,1,0
857,30,-0.8708416091709568,1,0,1,0,0,2,0,1,0,0
858,33,-0.6739225749120535,0,0,0,1,0,1,0,1,0,0
859,51,0.5075916306413661,0,0,0,0,1,2,0,0,1,0
860,41,-0.14880515022164478,1,0,1,0,0,2,0,1,0,0
861,30,-0.8708416091709568,1,0,1,0,0,1,0,1,0,0
862,23,-1.3303193557750645,0,0,1,0,0,1,1,0,0,0
863,56,0.8357900210728716,0,1,0,0,0,2,0,0,1,0
864,19,-1.5928780681202688,0,0,0,0,1,1,1,0,0,0
865,28,-1.002120965343559,1,0,0,0,1,1,1,0,0,0
866,24,-1.2646796776887634,1,0,0,0,1,2,1,0,0,0
867,24,-1.2646796776887634,0,0,1,0,0,0,1,0,0,0
868,56,0.8357900210728716,0,0,1,0,0,2,0,0,1,0
869,56,0.8357900210728716,0,0,1,0,0,2,0,0,1,0
870,29,-0.9364812872572579,0,0,1,0,0,2,1,0,0,0
871,68,1.6234661581084848,1,0,0,1,0,1,0,0,0,1
872,39,-0.280084506394247,0,0,0,1,0,2,0,1,0,0
873,68,1.6234661581084848,0,1,0,0,0,1,0,0,0,1
874,68,1.6234661581084848,1,0,1,0,0,0,0,0,0,1
875,69,1.689105836194786,1,1,0,0,0,2,0,0,0,1
876,20,-1.5272383900339677,1,0,0,0,1,0,1,0,0,0
877,30,-0.8708416091709568,1,0,1,0,0,2,0,1,0,0
878,47,0.24503291829616178,0,0,0,1,0,1,0,0,1,0
879,27,-1.06776064342986,0,0,1,0,0,0,1,0,0,0
880,69,1.689105836194786,1,0,0,0,1,2,0,0,0,1
881,26,-1.1334003215161612,1,1,0,0,0,0,1,0,0,0
882,23,-1.3303193557750645,0,0,1,0,0,1,1,0,0,0
883,61,1.163988411504377,0,0,0,1,0,1,0,0,0,1
884,19,-1.5928780681202688,0,0,0,0,1,2,1,0,0,0
885,61,1.163988411504377,1,0,0,0,1,2,0,0,0,1
886,33,-0.6739225749120535,1,1,0,0,0,0,0,1,0,0
887,30,-0.8708416091709568,1,0,1,0,0,1,0,1,0,0
888,65,1.4265471238495815,0,0,0,1,0,1,0,0,0,1
889,30,-0.8708416091709568,0,0,1,0,0,2,0,1,0,0
890,39,-0.280084506394247,0,0,0,1,0,1,0,1,0,0
891,36,-0.47700354065315026,1,1,0,0,0,1,0,1,0,0
892,43,-0.01752579404904259,1,0,0,0,1,1,0,1,0,0
893,31,-0.8052019310846557,0,1,0,0,0,0,0,1,0,0
894,48,0.31067259638246286,0,0,0,0,1,0,0,0,1,0
895,46,0.1793932402098607,1,0,1,0,0,0,0,0,1,0
896,62,1.2296280895906782,1,0,0,0,1,1,0,0,0,1
897,59,1.0327090553317748,1,0,0,1,0,2,0,0,1,0
898,39,-0.280084506394247,0,1,0,0,0,2,0,1,0,0
899,24,-1.2646796776887634,0,0,0,0,1,2,1,0,0,0
900,54,0.7045106649002695,1,0,0,0,1,0,0,0,1,0
901,66,1.4921868019358826,0,0,1,0,0,1,0,0,0,1
902,58,0.9670693772454738,1,0,1,0,0,0,0,0,1,0
903,44,0.048113884037258504,0,0,1,0,0,0,0,1,0,0
904,48,0.31067259638246286,0,0,0,1,0,2,0,0,1,0
905,23,-1.3303193557750645,0,0,1,0,0,2,1,0,0,0
906,33,-0.6739225749120535,1,0,0,0,1,1,0,1,0,0
907,55,0.7701503429865705,0,0,0,1,0,0,0,0,1,0
908,55,0.7701503429865705,1,0,1,0,0,1,0,0,1,0
909,67,1.5578264800221837,0,0,0,0,1,0,0,0,0,1
910,49,0.376312274468764,1,0,0,1,0,1,0,0,1,0
911,50,0.4419519525550651,1,0,0,0,1,0,0,0,1,0
912,66,1.4921868019358826,1,0,1,0,0,1,0,0,0,1
913,34,-0.6082828968257524,1,0,1,0,0,0,0,1,0,0
914,50,0.4419519525550651,1,0,0,1,0,0,0,0,1,0
915,28,-1.002120965343559,0,1,0,0,0,2,1,0,0,0
916,30,-0.8708416091709568,0,0,0,0,1,0,0,1,0,0
917,47,0.24503291829616178,1,0,0,0,1,2,0,0,1,0
918,18,-1.6585177462065699,1,1,0,0,0,1,1,0,0,0
919,47,0.24503291829616178,1,1,0,0,0,2,0,0,1,0
920,44,0.048113884037258504,0,0,0,0,1,0,0,1,0,0
921,57,0.9014296991591727,1,0,0,1,0,2,0,0,1,0
922,40,-0.21444482830794587,0,1,0,0,0,2,0,1,0,0
923,37,-0.41136386256684915,1,0,1,0,0,1,0,1,0,0
924,23,-1.3303193557750645,0,0,0,1,0,2,1,0,0,0
925,54,0.7045106649002695,1,1,0,0,0,1,0,0,1,0
926,37,-0.41136386256684915,0,0,1,0,0,1,0,1,0,0
927,54,0.7045106649002695,0,0,1,0,0,2,0,0,1,0
928,23,-1.3303193557750645,1,0,0,0,1,0,1,0,0,0
929,46,0.1793932402098607,1,0,0,1,0,1,0,0,1,0
930,30,-0.8708416091709568,1,1,0,0,0,2,0,1,0,0
931,44,0.048113884037258504,1,0,1,0,0,1,0,1,0,0
932,67,1.5578264800221837,0,0,0,0,1,2,0,0,0,1
933,37,-0.41136386256684915,0,1,0,0,0,2,0,1,0,0
934,30,-0.8708416091709568,0,0,1,0,0,0,0,1,0,0
935,56,0.8357900210728716,0,0,0,0,1,2,0,0,1,0
936,25,-1.1990399996024623,0,0,1,0,0,1,1,0,0,0
937,34,-0.6082828968257524,0,0,0,0,1,1,0,1,0,0
938,47,0.24503291829616178,1,0,0,0,1,0,0,0,1,0
939,18,-1.6585177462065699,0,0,0,1,0,1,1,0,0,0
940,41,-0.14880515022164478,0,1,0,0,0,0,0,1,0,0
941,33,-0.6739225749120535,0,0,0,0,1,2,0,1,0,0
942,28,-1.002120965343559,1,0,1,0,0,2,1,0,0,0
943,21,-1.4615987119476666,0,1,0,0,0,2,1,0,0,0
944,21,-1.4615987119476666,1,1,0,0,0,0,1,0,0,0
945,34,-0.6082828968257524,0,1,0,0,0,1,0,1,0,0
946,66,1.4921868019358826,0,0,0,1,0,1,0,0,0,1
947,27,-1.06776064342986,1,0,0,0,1,2,1,0,0,0
948,38,-0.34572418448054804,0,0,0,0,1,1,0,1,0,0
949,55,0.7701503429865705,0,0,0,0,1,0,0,0,1,0
950,66,1.4921868019358826,1,0,0,0,1,0,0,0,0,1
951,35,-0.5426432187394513,1,0,1,0,0,0,0,1,0,0
952,27,-1.06776064342986,0,0,0,0,1,0,1,0,0,0
953,62,1.2296280895906782,0,1,0,0,0,1,0,0,0,1
954,33,-0.6739225749120535,1,0,0,0,1,0,0,1,0,0
955,56,0.8357900210728716,1,0,0,0,1,1,0,0,1,0
956,32,-0.7395622529983547,1,0,0,0,1,2,0,1,0,0
957,51,0.5075916306413661,1,0,0,0,1,1,0,0,1,0
958,22,-1.3959590338613654,0,0,0,1,0,0,1,0,0,0
959,34,-0.6082828968257524,0,1,0,0,0,1,0,1,0,0
960,54,0.7045106649002695,1,0,0,1,0,2,0,0,1,0
961,25,-1.1990399996024623,0,1,0,0,0,2,1,0,0,0
962,41,-0.14880515022164478,1,0,0,0,1,2,0,1,0,0
963,45,0.1137535621235596,1,0,0,0,1,1,0,0,1,0
964,64,1.3609074457632804,0,1,0,0,0,0,0,0,0,1
965,25,-1.1990399996024623,1,1,0,0,0,0,1,0,0,0
966,40,-0.21444482830794587,1,0,0,1,0,1,0,1,0,0
967,52,0.5732313087276673,0,0,0,1,0,0,0,0,1,0
968,48,0.31067259638246286,0,0,1,0,0,0,0,0,1,0
969,34,-0.6082828968257524,1,0,1,0,0,1,0,1,0,0
970,45,0.1137535621235596,0,0,0,1,0,2,0,0,1,0
971,65,1.4265471238495815,0,0,1,0,0,0,0,0,0,1
972,65,1.4265471238495815,0,0,0,1,0,2,0,0,0,1
973,68,1.6234661581084848,0,0,0,1,0,0,0,0,0,1
974,29,-0.9364812872572579,0,0,0,1,0,2,1,0,0,0
975,41,-0.14880515022164478,0,0,1,0,0,2,0,1,0,0
976,32,-0.7395622529983547,1,1,0,0,0,0,0,1,0,0
977,57,0.9014296991591727,0,0,0,0,1,0,0,0,1,0
978,48,0.31067259638246286,1,0,1,0,0,1,0,0,1,0
979,44,0.048113884037258504,1,0,0,0,1,0,0,1,0,0
980,52,0.5732313087276673,1,0,0,0,1,0,0,0,1,0
981,35,-0.5426432187394513,0,1,0,0,0,1,0,1,0,0
982,53,0.6388709868139684,0,0,1,0,0,2,0,0,1,0
983,25,-1.1990399996024623,1,0,0,0,1,1,1,0,0,0
984,63,1.2952677676769793,1,1,0,0,0,2,0,0,0,1
985,66,1.4921868019358826,1,1,0,0,0,1,0,0,0,1
986,55,0.7701503429865705,1,0,0,1,0,0,0,0,1,0
987,22,-1.3959590338613654,0,0,1,0,0,0,1,0,0,0
988,31,-0.8052019310846557,1,0,0,0,1,2,0,1,0,0
989,55,0.7701503429865705,0,1,0,0,0,0,0,0,1,0
990,37,-0.41136386256684915,1,0,0,0,1,2,0,1,0,0
991,61,1.163988411504377,0,0,1,0,0,1,0,0,0,1
992,26,-1.1334003215161612,0,0,0,1,0,0,1,0,0,0
993,50,0.4419519525550651,1,0,0,0,1,2,0,0,1,0
994,35,-0.5426432187394513,1,0,0,1,0,1,0,1,0,0
995,23,-1.3303193557750645,1,1,0,0,0,0,1,0,0,0
996,54,0.7045106649002695,1,0,0,1,0,0,0,0,1,0
997,19,-1.5928780681202688,0,0,0,0,1,2,1,0,0,0
998,47,0.24503291829616178,0,0,1,0,0,0,0,0,1,0
999,23,-1.3303193557750645,0,0,0,0,1,2,1,0,0,0
1000,34,-0.6082828968257524,0,0,0,0,1,0,0,1,0,0
